drop schema  if exists ekart_customer;
create schema ekart_customer;
use `ekart_customer`;


CREATE TABLE EK_CUSTOMER(
	EMAIL_ID VARCHAR(50),
	NAME VARCHAR(50) NOT NULL,
	PASSWORD VARCHAR(70) NOT NULL,
	PHONE_NUMBER VARCHAR(10) NOT NULL UNIQUE,
	ADDRESS VARCHAR(500),
	constraint EK_CUSTOMER_EMAIL_ID_PK primary key ( EMAIL_ID )
);

 
INSERT INTO EK_CUSTOMER (EMAIL_ID, NAME, PASSWORD, PHONE_NUMBER, ADDRESS) VALUES ('tom@infosys.com', 'Tom', 'Tom@123', '7886189067' ,  'Ist Main, Building No.3 ,Park Square ,Los Angeles ,California ,752110');
INSERT INTO EK_CUSTOMER (EMAIL_ID, NAME, PASSWORD, PHONE_NUMBER, ADDRESS) VALUES ('harry@infosys.com', 'Harry', 'Harry@123', '7687156584',   '4th Main, Building No.8 ,Mountain Springs ,Las Vegas ,Nevada ,859122');
INSERT INTO EK_CUSTOMER (EMAIL_ID, NAME, PASSWORD, PHONE_NUMBER, ADDRESS) VALUES ('john@infosys.com', 'John', 'John@123', '8478116714',   '8th Main, Floor no-7, Building No.2 ,Midtown Manhattan ,New York City ,New York ,755123');
INSERT INTO EK_CUSTOMER (EMAIL_ID, NAME, PASSWORD, PHONE_NUMBER, ADDRESS) VALUES ('sara@infosys.com', 'Sara', 'Sara@123', '8900100511',   '2nd Main, Floor no-8, Building No.13 ,Mid-City ,New Orleans ,Louisiana ,760103');
INSERT INTO EK_CUSTOMER (EMAIL_ID, NAME, PASSWORD, PHONE_NUMBER, ADDRESS) VALUES ('mariya@infosys.com', 'Mariya', 'Mariya@123', '7578116427',   '3rd Main, Floor no-7, Building No.4 ,Back Bay ,Boston ,Massachusetts ,889183');
INSERT INTO EK_CUSTOMER (EMAIL_ID, NAME, PASSWORD, PHONE_NUMBER, ADDRESS) VALUES ('james@infosys.com', 'James', 'James@123', '8032179231',   '5th Main, Building No.6 ,Downtown Chicago ,Chicago ,Illinois ,871103');
INSERT INTO EK_CUSTOMER (EMAIL_ID, NAME, PASSWORD, PHONE_NUMBER, ADDRESS) VALUES ('steve@infosys.com', 'Steve', 'Steve@123', '7730157577',   '6th Main, Building No.16 ,City Alley ,Philadelphia ,Pennsylvania ,784164');
INSERT INTO EK_CUSTOMER (EMAIL_ID, NAME, PASSWORD, PHONE_NUMBER, ADDRESS) VALUES ('punya@infosys.com', 'Punya', 'Punya@123', '8064153936',   '228 Runamuck Pl #2808 ,King, Christopher A Esq ,Houston ,Texas ,820103');
INSERT INTO EK_CUSTOMER (EMAIL_ID, NAME, PASSWORD, PHONE_NUMBER, ADDRESS) VALUES ('animesh@infosys.com', 'Animesh', 'Animesh@123', '7335189166',   '25 E 75th St #69 ,Feiner Bros ,Portland ,Oregon ,741170');
INSERT INTO EK_CUSTOMER (EMAIL_ID, NAME, PASSWORD, PHONE_NUMBER, ADDRESS) VALUES ('rakesh@infosys.com', 'Rakesh', 'Rakesh@123', '7411164668',   '73 State Road 434 E ,Century Communications ,Atlanta ,Georgia ,738149');
commit;

SELECT * FROM EK_CUSTOMER;

CREATE TABLE EK_ORDER (
	ORDER_ID BIGINT NOT NULL auto_increment,
	DATE_OF_ORDER DATETIME NOT NULL,
	TOTAL_PRICE DECIMAL(12,2) NOT NULL,
	ORDER_STATUS VARCHAR(20) NOT NULL,
	PAYMENT_THROUGH VARCHAR(20) NOT NULL, 
	DATE_OF_DELIVERY DATETIME,
     CUSTOMER_EMAIL_ID VARCHAR(50),
	DISCOUNT DECIMAL(5,2) ,
	DELIVERY_ADDRESS VARCHAR(500),
	constraint EK_ORDER_ID_PK primary key (ORDER_ID)
);

ALTER TABLE  EK_ORDER  ADD CONSTRAINT EK_ORDER_STATUS_CK CHECK (ORDER_STATUS in ( 'PLACED', 'CONFIRMED', 'CANCELLED'));
ALTER TABLE  EK_ORDER  ADD CONSTRAINT EK_PAYMENT_THROUGH_CK CHECK (PAYMENT_THROUGH in ('DEBIT_CARD', 'CREDIT_CARD'));


INSERT INTO EK_ORDER (ORDER_ID,  DATE_OF_ORDER,  TOTAL_PRICE,  ORDER_STATUS, PAYMENT_THROUGH, DATE_OF_DELIVERY, CUSTOMER_EMAIL_ID , DISCOUNT , DELIVERY_ADDRESS  ) VALUES (90001,  SYSDATE()- INTERVAL 155 DAY, 30400,  'CONFIRMED', 'DEBIT_CARD', SYSDATE()- INTERVAL 150 DAY, 'tom@infosys.com',5 , 'Ist Main, Building No.3 ,Park Square ,Los Angeles ,California ,752110');
INSERT INTO EK_ORDER (ORDER_ID,  DATE_OF_ORDER,  TOTAL_PRICE,  ORDER_STATUS, PAYMENT_THROUGH, DATE_OF_DELIVERY, CUSTOMER_EMAIL_ID , DISCOUNT , DELIVERY_ADDRESS ) VALUES (90002,  SYSDATE()- INTERVAL 145 DAY, 14725,  'CONFIRMED', 'DEBIT_CARD', SYSDATE()- INTERVAL 140 DAY, 'harry@infosys.com',5 , '4th Main, Building No.8 ,Mountain Springs ,Las Vegas ,Nevada ,859122');
INSERT INTO EK_ORDER (ORDER_ID,  DATE_OF_ORDER,  TOTAL_PRICE,  ORDER_STATUS, PAYMENT_THROUGH, DATE_OF_DELIVERY, CUSTOMER_EMAIL_ID , DISCOUNT , DELIVERY_ADDRESS ) VALUES (90003,  SYSDATE()- INTERVAL 108 DAY, 15750,  'CONFIRMED', 'CREDIT_CARD', SYSDATE()- INTERVAL 103 DAY, 'john@infosys.com',10 , '8th Main, Floor no-7, Building No.2 ,Midtown Manhattan ,New York City ,New York ,755123');
INSERT INTO EK_ORDER (ORDER_ID,  DATE_OF_ORDER,  TOTAL_PRICE,  ORDER_STATUS, PAYMENT_THROUGH, DATE_OF_DELIVERY, CUSTOMER_EMAIL_ID , DISCOUNT , DELIVERY_ADDRESS ) VALUES (90004,  SYSDATE()- INTERVAL 76 DAY, 7553,  'CANCELLED', 'DEBIT_CARD', SYSDATE()- INTERVAL 73 DAY, 'punya@infosys.com',5 , '228 Runamuck Pl #2808 ,King, Christopher A Esq ,Houston ,Texas ,820103');
INSERT INTO EK_ORDER (ORDER_ID,  DATE_OF_ORDER,  TOTAL_PRICE,  ORDER_STATUS, PAYMENT_THROUGH, DATE_OF_DELIVERY, CUSTOMER_EMAIL_ID , DISCOUNT , DELIVERY_ADDRESS ) VALUES (90005,  SYSDATE()- INTERVAL 6 DAY, 139500,  'CONFIRMED', 'CREDIT_CARD', SYSDATE()- INTERVAL 150 DAY, 'rakesh@infosys.com',10 ,'73 State Road 434 E ,Century Communications ,Atlanta ,Georgia ,738149');
INSERT INTO EK_ORDER (ORDER_ID,  DATE_OF_ORDER,  TOTAL_PRICE,  ORDER_STATUS, PAYMENT_THROUGH, DATE_OF_DELIVERY, CUSTOMER_EMAIL_ID , DISCOUNT , DELIVERY_ADDRESS ) VALUES (90006,  SYSDATE()- INTERVAL 2 DAY, 36290,  'CONFIRMED', 'DEBIT_CARD', SYSDATE()- INTERVAL 150 DAY, 'rakesh@infosys.com',5 , '73 State Road 434 E ,Century Communications ,Atlanta ,Georgia ,738149');

SELECT * FROM EK_ORDER;

CREATE TABLE EK_ORDERED_PRODUCT (
    ORDERED_PRODUCT_ID INT auto_increment,
	ORDER_ID BIGINT ,
	PRODUCT_ID INT,
	QUANTITY INT,
	constraint EK_ORDERED_PRODUCT_ID_PK primary key ( ORDERED_PRODUCT_ID),
	constraint EK_ORDERED_PRODUCT_ID_ORDER_FK foreign key (ORDER_ID)
    references EK_ORDER(ORDER_ID)
);
INSERT INTO EK_ORDERED_PRODUCT (ORDERED_PRODUCT_ID ,ORDER_ID,  PRODUCT_ID,  QUANTITY) VALUES ( 60000 ,90001 ,1000  , 1 );
INSERT INTO EK_ORDERED_PRODUCT (ORDERED_PRODUCT_ID ,ORDER_ID,  PRODUCT_ID,  QUANTITY) VALUES ( 60001 ,90001 ,1001  , 1);
INSERT INTO EK_ORDERED_PRODUCT (ORDERED_PRODUCT_ID ,ORDER_ID,  PRODUCT_ID,  QUANTITY) VALUES (60002, 90002 , 1073 , 10);
INSERT INTO EK_ORDERED_PRODUCT (ORDERED_PRODUCT_ID ,ORDER_ID,  PRODUCT_ID,  QUANTITY) VALUES ( 60003 ,90003 , 1051 , 2);
INSERT INTO EK_ORDERED_PRODUCT (ORDERED_PRODUCT_ID ,ORDER_ID,  PRODUCT_ID,  QUANTITY) VALUES ( 60004 ,90003 , 1052 ,1 );
INSERT INTO EK_ORDERED_PRODUCT (ORDERED_PRODUCT_ID ,ORDER_ID,  PRODUCT_ID,  QUANTITY) VALUES ( 60005 , 90003 , 1053 ,2 );
INSERT INTO EK_ORDERED_PRODUCT (ORDERED_PRODUCT_ID ,ORDER_ID,  PRODUCT_ID,  QUANTITY) VALUES ( 60006, 90004 , 1064 ,1 );
INSERT INTO EK_ORDERED_PRODUCT (ORDERED_PRODUCT_ID ,ORDER_ID,  PRODUCT_ID,  QUANTITY) VALUES ( 60007, 90004 , 1065 ,1 );
INSERT INTO EK_ORDERED_PRODUCT (ORDERED_PRODUCT_ID ,ORDER_ID,  PRODUCT_ID,  QUANTITY) VALUES ( 60008, 90004 ,1066  ,1 );
INSERT INTO EK_ORDERED_PRODUCT (ORDERED_PRODUCT_ID ,ORDER_ID,  PRODUCT_ID,  QUANTITY) VALUES (60009, 90004 , 1067 , 1);
INSERT INTO EK_ORDERED_PRODUCT (ORDERED_PRODUCT_ID ,ORDER_ID,  PRODUCT_ID,  QUANTITY) VALUES (60010, 90005 , 1019 , 1);
INSERT INTO EK_ORDERED_PRODUCT (ORDERED_PRODUCT_ID ,ORDER_ID,  PRODUCT_ID,  QUANTITY) VALUES (60011, 90006 ,  1023, 1 );
INSERT INTO EK_ORDERED_PRODUCT (ORDERED_PRODUCT_ID ,ORDER_ID,  PRODUCT_ID,  QUANTITY) VALUES ( 60012,90006 , 1024 ,1 );



SELECT * FROM EK_ORDERED_PRODUCT;